name,website,city,state,country
BI Worldwide,https://www.biworldwide.com,Minneapolis,MN,United States
ITA Group,https://www.itagroup.com,West Des Moines,IA,United States
Maritz Global Events,https://www.maritz.com,St. Louis,MO,United States
BCD Meetings & Events,https://www.bcdme.com,Chicago,IL,United States
Ashfield Event Experiences,https://www.ashfieldeventexperiences.com,Indianapolis,IN,United States
ACCESS Destination Services,https://www.accessdmc.com,San Diego,CA,United States
Hosts Global,https://hosts-global.com,Las Vegas,NV,United States
CSI DMC,https://www.csi-dmc.com,Washington,DC,United States
Hello! Destination Management,https://www.hellodmc.com,Orlando,FL,United States
Pacific Event Services,https://www.pacificeventservices.com,Los Angeles,CA,United States
GPJ (George P. Johnson),https://www.gpj.com,Auburn Hills,MI,United States
Freeman,https://www.freeman.com,Dallas,TX,United States
CWT Meetings & Events,https://www.cwt-meetings-events.com,Minneapolis,MN,United States
Incentive Solutions,https://www.incentive-solutions.com,Atlanta,GA,United States
Aimia Loyalty Solutions,https://www.aimia.com,New York,NY,United States
MotivAction,https://www.motivaction.com,Minneapolis,MN,United States
One10,https://www.one10marketing.com,Minneapolis,MN,United States
360 Destination Group,https://www.360dg.com,Irvine,CA,United States
Eventive Marketing,https://www.eventivemarketing.com,New York,NY,United States
Koncept Events,https://www.konceptevents.com,Fort Lauderdale,FL,United States
